CREATE DATABASE  IF NOT EXISTS `dif_huixquilucan` /*!40100 DEFAULT CHARACTER SET utf8mb4 COLLATE utf8mb4_0900_ai_ci */ /*!80016 DEFAULT ENCRYPTION='N' */;
USE `dif_huixquilucan`;
-- MySQL dump 10.13  Distrib 8.0.21, for Win64 (x86_64)
--
-- Host: localhost    Database: dif_huixquilucan
-- ------------------------------------------------------
-- Server version	8.0.21

/*!40101 SET @OLD_CHARACTER_SET_CLIENT=@@CHARACTER_SET_CLIENT */;
/*!40101 SET @OLD_CHARACTER_SET_RESULTS=@@CHARACTER_SET_RESULTS */;
/*!40101 SET @OLD_COLLATION_CONNECTION=@@COLLATION_CONNECTION */;
/*!50503 SET NAMES utf8 */;
/*!40103 SET @OLD_TIME_ZONE=@@TIME_ZONE */;
/*!40103 SET TIME_ZONE='+00:00' */;
/*!40014 SET @OLD_UNIQUE_CHECKS=@@UNIQUE_CHECKS, UNIQUE_CHECKS=0 */;
/*!40014 SET @OLD_FOREIGN_KEY_CHECKS=@@FOREIGN_KEY_CHECKS, FOREIGN_KEY_CHECKS=0 */;
/*!40101 SET @OLD_SQL_MODE=@@SQL_MODE, SQL_MODE='NO_AUTO_VALUE_ON_ZERO' */;
/*!40111 SET @OLD_SQL_NOTES=@@SQL_NOTES, SQL_NOTES=0 */;

--
-- Table structure for table `categoria`
--

DROP TABLE IF EXISTS `categoria`;
/*!40101 SET @saved_cs_client     = @@character_set_client */;
/*!50503 SET character_set_client = utf8mb4 */;
CREATE TABLE `categoria` (
  `idCategoria` int NOT NULL AUTO_INCREMENT,
  `nombreCategoria` varchar(45) NOT NULL,
  `fechaCreacionCategoria` datetime NOT NULL,
  `fechaActualizacionCategoria` datetime NOT NULL,
  PRIMARY KEY (`idCategoria`),
  UNIQUE KEY `idCategorias_UNIQUE` (`idCategoria`)
) ENGINE=InnoDB AUTO_INCREMENT=7 DEFAULT CHARSET=utf8mb4 COLLATE=utf8mb4_0900_ai_ci;
/*!40101 SET character_set_client = @saved_cs_client */;

--
-- Dumping data for table `categoria`
--

LOCK TABLES `categoria` WRITE;
/*!40000 ALTER TABLE `categoria` DISABLE KEYS */;
INSERT INTO `categoria` VALUES (1,'Educacion','2021-10-12 19:45:28','2021-10-12 19:45:28'),(2,'Salud','2021-10-12 19:45:28','2021-10-12 19:45:28'),(3,'Atencion al Adulto Mayor','2021-10-12 19:45:28','2021-10-12 19:45:28'),(4,'Atencion Juridica','2021-10-12 19:45:28','2021-10-12 19:45:28'),(5,'Comedor Infantil','2021-10-12 19:45:28','2021-10-12 19:45:28'),(6,'Actividad Fisica','2021-10-12 19:45:28','2021-10-12 19:45:28');
/*!40000 ALTER TABLE `categoria` ENABLE KEYS */;
UNLOCK TABLES;

--
-- Table structure for table `noticias`
--

DROP TABLE IF EXISTS `noticias`;
/*!40101 SET @saved_cs_client     = @@character_set_client */;
/*!50503 SET character_set_client = utf8mb4 */;
CREATE TABLE `noticias` (
  `idNoticias` int NOT NULL AUTO_INCREMENT,
  `tituloNoticia` varchar(100) NOT NULL,
  `textoNoticia` text NOT NULL,
  `fechaCreacionNoticia` datetime NOT NULL,
  `fechaActualizacionNoticia` datetime NOT NULL,
  PRIMARY KEY (`idNoticias`),
  UNIQUE KEY `idNoticias_UNIQUE` (`idNoticias`)
) ENGINE=InnoDB DEFAULT CHARSET=utf8mb4 COLLATE=utf8mb4_0900_ai_ci;
/*!40101 SET character_set_client = @saved_cs_client */;

--
-- Dumping data for table `noticias`
--

LOCK TABLES `noticias` WRITE;
/*!40000 ALTER TABLE `noticias` DISABLE KEYS */;
/*!40000 ALTER TABLE `noticias` ENABLE KEYS */;
UNLOCK TABLES;

--
-- Table structure for table `pilares`
--

DROP TABLE IF EXISTS `pilares`;
/*!40101 SET @saved_cs_client     = @@character_set_client */;
/*!50503 SET character_set_client = utf8mb4 */;
CREATE TABLE `pilares` (
  `idPilares` int NOT NULL AUTO_INCREMENT,
  `nombrePilares` varchar(70) NOT NULL,
  `descripcionPilares` text,
  `imagenPilares` tinytext,
  `fechaCreacionPilares` datetime DEFAULT NULL,
  `fechaActualizacionPilares` datetime NOT NULL,
  PRIMARY KEY (`idPilares`),
  UNIQUE KEY `idPilares_UNIQUE` (`idPilares`)
) ENGINE=InnoDB AUTO_INCREMENT=9 DEFAULT CHARSET=utf8mb4 COLLATE=utf8mb4_0900_ai_ci;
/*!40101 SET character_set_client = @saved_cs_client */;

--
-- Dumping data for table `pilares`
--

LOCK TABLES `pilares` WRITE;
/*!40000 ALTER TABLE `pilares` DISABLE KEYS */;
INSERT INTO `pilares` VALUES (1,'Centro de Rehabilitación e Integración Social (CRIS)','La finalidad de este centro es la atención a personas con discapacidad.\nPrevaloración\nValoración por Médico Especialista en Rehabilitación para ingreso al Centro y seguimiento.\nEvaluación para expedición de certificados para personas con dispacidad que cubran requisitos.\nConsulta de otras especialidades afines: Ortopedia, Comunicación Humana, Neurología, Neuropediatría.\nEstimulación Temprana, Intervención Temprana y Neuroterapia.\nTerapia Ocupacional: Elaboración de algunas férulas y ayudas para las actividades de la vida diaria, entrenamiento en actividades de la vida diaria. Facilitación del movimiento, funcionalidad, fortalecimiento a través de intervención dirigida por el terapeuta ocupacional.\nTerapia del lenguaje\nTerapia Física: Hidroterapia en tanque terapéutico y tinas de remolino, electroterapia y mecanoterapia.\nPsicología\nTrabajo Social: Trámite de ayudas funcionales y otros apoyos para personas con discapacidad.\nTalleres: Autoayuda, Braille, Lenguaje de Señas Mexicano, Embobinado de bocinas, Danza, Música, Regularización Escolar, INEA para niños y adultos.\nIntegración Social: Seguimiento a la inclusión escolar, laboral, recreativa y cultural acorde a la etapa de vida del paciente.\nRehabilitación Basada en la Comunidad\nDocumentos requeridos para abrir un expediente de un paciente:\n\nAdultos:\nCURP\nCopia de Acta de Nacimiento\nCopia de identificación oficial\nCopia de comprobante de domicilio\n\nMenores de 18 años:\nCURP del paciente y del menor de edad\nIdentificación oficial del padre o tutor\nActa de Nacimiento del menor\nComprobante de domicilio del padre o tutor, que deberá coincidir con el del paciente.\n','https://difhuixquilucan.gob.mx/wp-content/uploads/2020/08/CRIS-ok-1024x682.jpg','2021-10-17 14:16:01','2021-10-17 14:16:01'),(2,'Centro Rosa Mística','Centro orientado al desarrollo de habilidades socio-emocionales y cognitivas de niños y jóvenes con discapacidad, quienes dentro de un ambiente agradable, adaptado para cubrir sus necesidades en el ámbito de las actividades de la vida diaria, logran una inclusión social efectiva, manifestado por mejoría en su interacción cotidiana, escolar, familiar, recreativa y cultural, así como en las redes de apoyo personales, familiares e institucionales desarrolladas.Espacio dedicado a niños de 2 a 15 años con una condición de discapacidad dependiente.\n','','2021-10-17 14:16:01','2021-10-17 14:16:01'),(3,'Clínica y Albergue Mater Dei','En este centro se atienden a Mujeres Embarazadas de bajo riesgo en donde encuentran el apoyo que no pueden recibir de sus familias, ofreciéndoles supervisión médica durante el embarazo y el parto a un bajo costo, mismos que son realizados por médicos especializados, coadyuvando así con la economía de las pacientes.\n\nConsultorio\nMedicina General\nGinecología\nPsicología\nSalón de Capacitación\nSala de expulsión\nQuirófano\nSala de Parto\nSala de Recuperación\nCuarto de CEYE\nTransfer\nAlbergue\nComedor\nAlojamiento Conjunto\n\nServicios:\nPediatra 24 horas.\nGinecólogo 24 horas.\nUltrasonidos (martes y jueves)\nLaboratorios 24 horas.\nArrendamiento de sala de parto a particulares\nBiopsias\nPaquete de cesárea\nCitología cervical\nClínica del dolor\nMastografía\nColocación de:\nDIU\nDIU Mirena\nColposcopía\nConsulta:\nGeneral\nGinecológica y obstétrica de primera vez y subsecuentes\nDe nutrición\nPediátrica de primera vez y subsecuentes\nPsicológica\n\nProcedimientos quirúrgicos:\nExtracción de DIU normal y traslocado\nParto\nHisterectomía abdominal o vaginal\nBiopsias de mama, cérvix, endometrio\nExeresis de tumores benignos\nMiomectomia\nCesárea\nColpoperinoplastia\nCerclaje cervical\nUltrasonido:\nGeneral, abdominal (vesícula, hígado, páncreas, cavidad pélvica)\nGinecológico, obstétrico, endovaginal y de mama\nCabe mencionar que también se brinda apoyo durante el postparto tanto médico, psicológico, de planificación y capacitación en alguna actividad en la que logren auto emplearse y así mejorar su calidad de vida.\n','https://difhuixquilucan.gob.mx/wp-content/uploads/2020/08/Mater-OK-1024x682.jpg','2021-10-17 14:16:01','2021-10-17 14:16:01'),(4,'Hospital San Pío','Hospital de segundo nivel enfocado a atender emergencias y realizar cirugías, ya que cuenta con un Quirófano de alta tecnología y una unidad de terapia intermedia, atendida por médicos cirujanos altamente calificados y con calidez humana.\n\nCuenta con:\nLaboratorio de análisis clínicos\nCuarto de CEYE\nLaboratorio para plaquetas (donativos)\nDos consultorios\nCuatro vestidores\nEstancia pre y post operatoria\nQuirófano\nArchivo clínico\nÁrea de revisión clínica\nPlanta de energía de apoyo,\nCoordinación médica y hospitalaria,\nSala para capacitaciones médicas\nFarmacia\nClínica de displasias\n\nServicios:\nHernioplastía\nApendicectomía\nColecistectomía\nEndoscopía\nColonoscopía\nPanendoscopía\nUltrasonido\nFunduplicaturas\nCirugía laparoscópica de mínima invasión\nCirugía general\nCirugía de cuello\nInternamiento de corta estancia\n\nTraumatología y Ortopedia:\nAtención Primaria\nRayos X\nUrgencias ortopédica\nColocación de férulas\nColocación de yesos\nCirugía ortopédica\n\nMedicina Interna:\nValoración preoperatoria\nAtención de pacientes crónico degenerativos.\n','https://difhuixquilucan.gob.mx/wp-content/uploads/2020/08/IMG_6790.jpg','2021-10-17 14:16:01','2021-10-17 14:16:01'),(5,'Albergue temporal Infantil RENACER','Esta creado con la finalidad de brindar protección  a la niñez en situación jurídica vulnerable. Se atienden a niños de 0 a 11 años 11 meses, de diferentes comunidades y municipios vecinos, los cuales reciben apoyo psicológico, atención médica, educación y una sana alimentación.\nSe trata de un albergue temporal ya que los niños pueden estar en un lugar seguro en tanto se resuelve su situación jurídica y son reintegrados con sus familiares.','https://difhuixquilucan.gob.mx/wp-content/uploads/2020/08/Renacer-ok-1024x507.jpg','2021-10-17 14:16:01','2021-10-17 14:16:01'),(6,'Centro Gerontológico Sagrado Corazón','En el Centro Gerontológico Sagrado Corazón nuestros adultos reciben atención personalizada y adecuada a sus necesidades. Además las personas de la tercera edad que requieran un hogar cuentan con este espacio, en el que se les brinda protección y cuidado.Servicios Especializados:\nGeriatría y diabetes\nEstudios de laboratorio\nOdontología\nOptometría\nPsicología\nNutrición\nTrabajo Social\nAsesoría Jurídica\n\nLas instalaciones cuentan con:\nDormitorios\nGimnasio\nOratorio\nRegaderas\nControl de enfermería\nSala de estar\nSala de televisión\nComedor\nCocina\nJardín\nConsultorios\n\nContamos con:\nEstancia Permanente: 24 horas\nEstancia Temporal: por un tiempo determinado por alguna emergencia familiar.\nEstancia de Día:\nRecepción de 7:00 a 10:00 horas.\nSalida de 17:00 a 20:00 horas.\n\nRequisitos de ingreso:\nTener 60 años cumplidos\nContar con residencia mínima efectiva de 2 años en el municipio de Huixquilucan\nManifestar deseo de ingreso voluntario\n\nDocumentos del candidato y del familiar o conocido responsable:\nActa de nacimiento\nCredencial INE\nCURP\nComprobante de domicilio\n\n','https://difhuixquilucan.gob.mx/wp-content/uploads/2020/08/Sagrado-ok-1024x682.jpg','2021-10-17 14:16:01','2021-10-17 14:16:01'),(7,'Centro de Rehabilitación Integral contra las Adicciones (CRIA)','Con el objetivo de brindar una atención integral al tratamiento y rehabilitación de las conductas adictivas, en este centro se  brindan las siguientes acciones;\nTiene capacidad para 10 adolescentes (12-17 años) y 12 adultos (18-59 años)\nÚnicamente se atiende a varones.\n\nRequisitos para internarse:\nEl paciente interesado debe asistir por voluntad propia para su tratamiento de 90 días.\nDebe haber un familiar o tutor responsable del paciente, quien debe cubrir la cuota semanal de $350 (residentes de Huixquilucan) $500 (población en general), más el costo de los medicamentos necesarios para rehabilitar al paciente consumidor.\n\nDurante su estancia  los internos tienen:\nTerapia individual\nTerapia grupal\nActivación física\nCine-análisis\nTaller de lectura\nTaller de pintura\nTaller de globoflexia\nGrupo de AA\nGrupo Al ­­- Anon\nActividades ocupacionales\nTaller de salud\nTaller de manualidades\nTaller de desarrollo humano (autoestima, asertividad, manejo del tiempo libre, etc)\nVisitas periódicas al dentista (en caso de ser requerido)\n\nLos pacientes son responsables de sí mismos y de los espacios comunes. (Preparan sus alimentos, limpian los cuartos, lavan su ropa)\nSe busca que la vida del paciente sea lo más parecido a la que tendrá al salir de CRIA para su correcta reinserción a la sociedad.\nA los familiares se les cita cada lunes para darles información sobre el paciente, y si lo requieren, orientación individual.\nDespués de 45 días, los pacientes pueden recibir visitas (cada domingo) y salen a paseos recreativos organizados por DIF, siempre y cuando los acompañe su familiar o tutor responsable.\nAl concluir su estancia, se apoya al paciente con consultas psicológicas una vez a la semana y con consulta médica una vez al mes.\n','https://difhuixquilucan.gob.mx/wp-content/uploads/2020/08/CRIA-ok-1024x682.jpg','2021-10-17 14:16:01','2021-10-17 14:16:01'),(8,'Centro de Rehabilitación Integral contra las Adicciones Santa Rita','Con el objetivo de brindar una atención integral al tratamiento y rehabilitación de las conductas adictivas, en este centro se brindan las siguientes acciones;\nTiene capacidad para 10 adolescentes (12-17 años) y 10 adultos (18-59 años)\nÚnicamente se atiende a mujeres.\n\nRequisitos para internarse:\nLa paciente interesada debe asistir por voluntad propia para su tratamiento de 90 días.\nDebe haber un familiar o tutor responsable del paciente, quien debe cubrir la cuota semanal de $350 (residentes de Huixquilucan) $500 (población en general), más el costo de los medicamentos necesarios para rehabilitar a la paciente.\n\nDurante su estancia las internas tienen:\nTerapia individual\nTerapia grupal\nActivación física\nCine-análisis\nTaller de lectura\nTaller de pintura\nTaller de globoflexia\nGrupo de AA\nGrupo Al ­­- Anon\nActividades ocupacionales\nTaller de salud\nTaller de manualidades\nTaller de desarrollo humano (autoestima, asertividad, manejo del tiempo libre, etc)\nVisitas periódicas al dentista (en caso de ser requerido)\n\nLas pacientes son responsables de sí mismas y de los espacios comunes. (Preparan sus alimentos, limpian los cuartos, lavan su ropa)\nSe busca que la vida de la paciente sea lo más parecida a la que tendrá al salir de CRIA Santa Rita para su correcta reinserción a la sociedad.\nA los familiares se les cita cada lunes para darles información sobre la paciente, y si lo requieren, orientación individual.\nDespués de 45 días, las pacientes pueden recibir visitas (cada domingo) y salen a paseos recreativos organizados por DIF, siempre y cuando los acompañe su familiar o tutor responsable.\nAl concluir su estancia, se apoya al paciente con consultas psicológicas una vez a la semana y con consulta médica una vez al mes.\n','https://difhuixquilucan.gob.mx/wp-content/uploads/2020/08/Galeria-11-1024x682.jpg','2021-10-17 14:16:01','2021-10-17 14:16:01');
/*!40000 ALTER TABLE `pilares` ENABLE KEYS */;
UNLOCK TABLES;

--
-- Table structure for table `servicio`
--

DROP TABLE IF EXISTS `servicio`;
/*!40101 SET @saved_cs_client     = @@character_set_client */;
/*!50503 SET character_set_client = utf8mb4 */;
CREATE TABLE `servicio` (
  `idServicio` int NOT NULL AUTO_INCREMENT,
  `idCategoria` int NOT NULL,
  `nombreServicio` varchar(60) NOT NULL,
  `descripcionServicio` mediumtext,
  `imagenServicio` mediumtext,
  `fechaCreacionServicio` datetime DEFAULT NULL,
  `fechaActualizacionServicio` datetime DEFAULT NULL,
  PRIMARY KEY (`idServicio`),
  UNIQUE KEY `idServicio_UNIQUE` (`idServicio`)
) ENGINE=InnoDB AUTO_INCREMENT=27 DEFAULT CHARSET=utf8mb4 COLLATE=utf8mb4_0900_ai_ci;
/*!40101 SET character_set_client = @saved_cs_client */;

--
-- Dumping data for table `servicio`
--

LOCK TABLES `servicio` WRITE;
/*!40000 ALTER TABLE `servicio` DISABLE KEYS */;
INSERT INTO `servicio` VALUES (7,1,'Estancias Infantiles','DIF Central: Carretera Huixquilucan- San Ramón #66 San Juan Bautista.\n\nPirules: Calle Alamo s/n Col. Pirules, Subiendo por lado derecho del Centro Administrativo de Pirules (Los Bomberos).\n\nSan Fernando: Calle Pólvora esquina con Espoleta, San Fernando.\n\nJesús del monte: Cerrada Veracruz No. 15\n\nZacamulpa: Andador Loma de los Cedros s/n.\n\nSan Bartolomé Coatepec: Andador Pino S/N San Bartolomé Coatepec.\n\nPróximas Estancias Infantiles:\n\nLa Glorieta: Domicilio conocido s/n junto al CDC\n\nMagdalena Chichicaspa: Primera cerrada de Gardenia s/n Paraje El escobal, cerca del auditorio de Magdalena.\n','https://difhuixquilucan.gob.mx/wp-content/uploads/2020/08/Estancias-1-1024x682.jpg','2021-10-14 18:06:29','2021-10-14 18:06:29'),(8,1,'Jardín de Niños','Salvador Novo: Calle Lima s/n Esq. Naranjo, San Fernando, a dos cuadras de la escuela primaria Adolfo López Mateos.\n\nFrancisco Gabilondo Soler: Calle José María Morelos y Pavón #42 Col. Jesús del Monte, entrando rumbo a colonia Tepetongo, a un costado de la Telesecundaria y frente a Cimbramex.\n\nJoaquín Arcadio Pagaza: Av. Cuitlahuac s/n, La Glorieta, a un costado de la Delegación Municipal de La Glorieta, frente a la primaria de La Glorieta.\n\nJosé Vasconcelos: Av. Principal y Calle Cuauhtemoc, s/n San José Huiloteapan, a un lado del módulo de policía, frente a la iglesia y la primaria de San José Huiloteapan.\n\nManuel Acuña: Av. Santa Cruz Ayotuxco Zona Alta s/n, en la parada de la antigua terminal de camiones, frente a la primaria Miguel Hidalgo.\n\nVictoria Chaix: Santa Cruz Ayotuxco Zona Baja s/n, 500 mts. Antes de la Telesecundaria.\n\nGuillermo Prieto: Camino a Canales s/n, Subiendo por Santa Cruz, desviación a Canales, rumbo a Llano Grande antes de llegar al kiosko de Canales.\n\nJuan Rulfo: Av. Principal a San Miguel Llano Grande s/n, Frente al consultorio del DIF a la mitad de la comunidad de Llano Grande.\n\nAmado Nervo: El Arenal s/n, a 1500 mts. Subiendo de la gasolinera por el lado izquierdo de Banorte.\n\nCarlos Pellicer: Av. Primavera s/n, San Jacinto, Huixquilucan, a 20 mts. De la base de taxis y antes de llegar a la iglesia de San Jacinto.\n\nHoracio Zúñiga: Av. México s/n, Dos Ríos, Frente a vulcanizadora Silver de Dos Ríos.\n\nHeriberto Enríquez: Av. Primavera s/n, San Jacinto, Huixquilucan, a 20 mts. De la base de taxis y antes de llegar a la iglesia de San Jacinto.\n\nJaime Torres Bodet: Nicolas Bravo #15, San Martín, Cabecera, a 2 cuadras de Bancomer y al lado derecho del Hospital General de la Mujer de Huixquilucan.\n\nJusto Sierra: Domicilio Conocido, El Laurel, Frente a la Iglesia El Laurel.\n\nMaría Enriqueta Camarillo: Av. Piedra Grande s/n, a un costado de la primaria de Piedra Grande y atrás de la Iglesia de Piedra Grande.\n','https://difhuixquilucan.gob.mx/wp-content/uploads/2020/10/DIF-1-1024x1024.png','2021-10-14 18:06:29','2021-10-14 18:06:29'),(9,1,'Prepa DIF','Con el objetivo de brindar oportunidades educativas a todos los huixquiluquenses, creamos el modelo de Prepa DIF en conjunto con la Dirección de Prepa Abierta del Estado de México y Google México. Contamos con 8 aulas:\n\nFederal Burocrática: Av. Palo Solo No. 2\n\nEl Pedregal: Monte Gitano s/n esquina Monte Granillo. Col. El Pedregal\n\nEl Hielo: Calle Volcán Xitle s/n, El Hielo, Huixquilucan.\n\nDelegación Santiago Yancuitlalpan: Av. 16 de septiembre, s/n\n\nSantiago Yancuitlalpan: Av. México\n\nSan Fernando: Av. San Fernando s/n\n\nIgnacio Allende: Av. San Joaquín s/n\n\nMontón Cuarteles: Paseo Huixquilucan Mz. 6, Lt. 7\n','https://difhuixquilucan.gob.mx/wp-content/uploads/2020/09/Ignacio-Allende.jpeg','2021-10-14 18:06:29','2021-10-14 18:06:29'),(10,1,'Aulas Móviles','Descripción: En conjunto con el Instituto Nacional de Educación para Adultos (INEA) los huixquiluquenses tienen la oportunidad de iniciar o concluir sus estudios de primaria y secundaria en nuestras dos Aulas Móviles:\n\nDIF Central: Carretera Huixquilucan San – Ramón No. 66 \n\nCIM Magdalena: Calle Las Flores No. 14, Barrio El Calvario, Magdalena Chichicaspa, Huxiquilucan.\n','https://difhuixquilucan.gob.mx/wp-content/uploads/2020/08/Psicologia-1-1024x682.jpeg','2021-10-14 18:06:29','2021-10-14 18:06:29'),(11,2,'Consultorios Médicos y Dentales','Descripción: Somos un municipio sano, es por ello que contamos con consultorios médicos generales y odontológicos en diferentes comunidades, buscando siempre estar cerca de las familias huixquiluquenses.\n\n','https://difhuixquilucan.gob.mx/wp-content/uploads/2020/08/Salud-1-1024x682.jpg','2021-10-14 18:06:29','2021-10-14 18:06:29'),(12,2,'Consultorios de Atención Psicológica','Cuidamos la salud mental de todos los integrantes de la familia a través de los siguientes servicios:\n\nTerapia individual\nTerapia de pareja\nTerapia familiar\nOrientación\n','https://difhuixquilucan.gob.mx/wp-content/uploads/2020/08/Psicologia-1-1024x682.jpeg','2021-10-14 18:06:29','2021-10-14 18:06:29'),(13,2,'Unidad de Rehabilitación e Integración Social (URIS)','Emprendemos acciones en beneficio de las personas con discapacidad gracias a nuestra Unidad de Rehabilitación e Integración Social (URIS).\n\nEn la que brindamos los siguientes servicios:\n\nValoración por Rehabilitación\nEstimulación Temprana\nTerapia Física, Ocupacional y Lenguaje\nTrabajo Social\n\nDirección: Av. San Fernando S/N Loc. San Fernando\n','https://difhuixquilucan.gob.mx/wp-content/uploads/2020/08/URIS-1-1024x682.jpg','2021-10-14 18:06:29','2021-10-14 18:06:29'),(14,2,'Estimulación Temprana','Con la finalidad de darles herramientas a las niñas y niños para su desarrollo psicomotor, así como su desarrollo cognitivo contamos con salones de estimulación temprana en las comunidades de: Santiago Yancuitlalpan, Montón Cuarteles, San Fernando, La Unidad, Magdalena Chichicaspa, El Hielo y en la Clínica y Albergue Mater Dei.\n','https://difhuixquilucan.gob.mx/wp-content/uploads/2020/08/Mater-Dei-2.jpg','2021-10-14 18:06:29','2021-10-14 18:06:29'),(15,3,'Casas de Día','Loma del Carmen: Calle El Buen Suceso s/n, Loma del Carmen\nEl Mirador: Carretera Naucalpan Huixquilucan, El Mirador\nTel: 55 8288 9888\n','https://difhuixquilucan.gob.mx/wp-content/uploads/2020/08/Abuelitos-2-1024x966.jpg','2021-10-14 18:06:29','2021-10-14 18:06:29'),(16,3,'Clubes del Adulto Mayor','San Fernando: Av. San Fernando s/n Col. San Fernando, Huixquilucan\n\nFederal Burocrática: Av. Palo Solo No. 02, Federal Burocrática, Huixquilucan\n\nMontón Cuarteles: Paseo Huixquilucan Mz. 6, Lt. 7, Montón Cuarteles, Huixquilucan\n\nCalle 5 de febrero s/n junto al deportivo Paola Longoria, Montón Cuarteles, Jacalón.\n\nJesús del Monte: Cerrada Veracruz No. 15, Col. Jesús del Monte, Huixquilucan.\n\nSantiago Yancuitalpan: Av. México s/n, Santiago Yancuitlalpan, Huixquilucan\n\nEl Hielo: Calle Volcán Xitle, s/n, El Hielo, Huixquilucan\n\nLa Glorieta: Calle Paseo Los Sauces s/n, en el salón a un costado de la Iglesia.\n\nLa Cima: Av. Temazuca s/n, La Cima, Huixquilucan\n\nZacamulpa: Av. Zacamulpa s/n Calle Tulipanes Esquina con Tepozanes, Huixquilucan.\n\nMagdalena Chichicaspa: Calle Las Flores No. 14, Barrio El Calvario, Magdalena Chichicaspa, Huxiquilucan.\n\nIgnacio Allende: Av. San Joaquín s/n, Ignacio Allende, Huixquilucan.\n\nSanta Cruz Ayotuxco: Calle Los Cedros s/n, Santa Cruz Ayotuxco, Huxiquilucan\n\nEl Pedregal: Monte Grillo s/n Esq. Con Gitano, Col. El Pedregal, Huixuqilucan.\n\nSan Bartolomé Coatepec: Andador Pino s/n, Col. San Bartolomé Coatepec\n\nSan Juan Yautepec: Av. Lomas de San Juan s/n, San Juan Yautepec.\n\nSan Juan Bautista: Carretera Huixquilucan- San Ramón #66 San Juan Bautista\n\nSan Francisco Ayotuxco: Av. Paseo de San Francisco Sur 77, San Francisco Ayotuxco, Huixquilucan\n\nDos Ríos: En la Delegación\n\nEl Olivo: Calle Cedros s/n El Olivo (en la iglesia)\n\nLa Retama: Cerrada de Voluntad s/n La Retama.\n\nPalo Solo: Av. Palo Solo s/n Delegación de Palo Solo\n\nConstituyentes de 1917: Aulas del Auditorio\n\nChuluguaya: Esquina Álvaro Obregón y Emiliano Zapata s/n, Col. Jesús del Monte.\n\nSan Ramón: Carretera Huixquilucan- San Ramón #66 San Juan Bautista.\n\nSan Jacinto: Carretera Huixquilucan- San Ramón #66 San Juan Bautista.\n\nPiedra Grande: Frente al Jardín de Niños\n\nAgua Blanca: Av. Paseo de San Francisco Sur 77, San Francisco Ayotuxco, Huixquilucan\n\nSegundo Cuartel: Carretera Huixquilucan – San Ramón No. 66, San Juan Bautista\n','https://difhuixquilucan.gob.mx/wp-content/uploads/2020/08/Abuelitos-3-1024x878.jpg','2021-10-14 18:06:29','2021-10-14 18:06:29'),(17,4,'Subprocuradurías','Por medio de la Procuraduría, a través de nuestras tres Subprocuradurías, ofrecemos los siguientes servicios de manera gratuita:\n\nAsistencia jurídica gratuita, mediante asesorías y/o la designación de abogados especializados en derecho familiar.\n\nJuicios\nDivorcios\nAlimentos\nGuarda y Custodia\nProcedimiento Judicial no contencioso\nAdopción\nConcubinato\nInterdicción\nPérdida de Patria Potestad\nReconocimiento de Paternidad\nCambio de Régimen Matrimonial\nRégimen de convivencias\nAtención a reportes de maltrato recibidos en la Coordinación de Detección, Tratamiento Seguimiento y Restitución de Derechos de Niñas, Niños y Adolescentes CDTSyRDNNA\nTrámite de Testamentos\n\n\nSubprocuraduría DIF “La Mesa”: Carretera Huixquilucan- San Ramón #66 San Juan Bautista.\n\nHorario de atención: lunes a jueves de 9:00 a 17:00 horas y viernes de 9:00 a 15:00 horas.\n\nSubprocuraduría Federal Burocrática: Av. Palo Solo No. 02, Federal Burocrática, Huixquilucan.\n\nHorario de atención: lunes a jueves de 9:00 a 17:00 horas y viernes de 9:00 a 15:00 horas.\n\nSubprocuraduría San Fernando: Av. San Fernando s/n Col. San Fernando, Huixquilucan\n\nHorario de atención: lunes a jueves de 9:00 a 17:00 horas y viernes de 9:00 a 15:00 horas.\n\n','https://difhuixquilucan.gob.mx/wp-content/uploads/2020/08/Juridico.jpg','2021-10-14 18:06:29','2021-10-14 18:06:29'),(18,4,'Asesoría Jurídica en Centros de Desarrollo Comunitario','Descripción: Magdalena Chichicaspa: Calle Gardenia s/n. Barrio El Calvario, La Magdalena Chichicaspa.\n\nHorario de atención: lunes a jueves de 9:00 a 17:00 horas y viernes de 9:00 a 15:00 horas.\n\nEl Hielo: Calle Xitle, Colonia El Hielo, Localidad El Hielo C.P. 52794.\n\nHorario de atención: lunes a jueves de 9:00 a 17:00 horas y viernes de 9:00 a 15:00 horas.\n\nLa Unidad: Calle Francisco I Madero 96, Colonia La Unidad, C. P 52777.\n\nHorario de atención: lunes a jueves de 9:00 a 17:00 horas y viernes de 9:00 a 15:00 horas.\n\nMontón Cuarteles: Avenida Paseo Huixquilucan Manzana 6, Lote 7, Colonia Montón Cuarteles, C.P. 52779.\n\nHorario de atención: lunes a jueves de 9:00 a 17:00 horas y viernes de 9:00 a 15:00 horas.\n\nSegundo Cuartel: Camino a Agua Bendita s/n, Barrio San Miguel.\n\nHorario de atención: martes y jueves de 9:00 a 15:00 horas.\n\nSantiago: Av México s/n, Colonia Santiago Yancuitlalpan, Huixquilucan, C.P. 52766.\n\nHorario de atención: lunes a jueves de 9:00 a 17:00 horas y viernes de 9:00 a 15:00 horas.\n\n','https://difhuixquilucan.gob.mx/wp-content/uploads/2020/08/Juridico.jpg','2021-10-14 18:06:29','2021-10-14 18:06:29'),(19,4,'Departamento de Capacitación a la Mujer','Las mujeres son el pilar de nuestras familias, en ese sentido trabajamos para fortalecerlas y empoderarlas a través de diversos talleres en las diferentes comunidades de nuestro municipio.\n','https://edomex.quadratin.com.mx/www/wp-content/uploads/2017/12/515.jpg','2021-10-14 18:06:29','2021-10-14 18:06:29'),(20,5,'Comedor Infantil “San Fernando”','Nuestras compañeras nos comparten el menú saludable y nutritivo del Comedor Infantil de San Fernando.\n\nPara inscribirte y solicitar información puedes acudir directamente de 12:30 a 15:00 horas.\n','https://difhuixquilucan.gob.mx/wp-content/uploads/2021/09/240740996_1729092503943769_1016047456917606407_n.jpeg','2021-10-14 18:06:29','2021-10-14 18:06:29'),(21,5,'Comedor Infantil \"Canales\"','¡Te esperamos en el Comedor Infantil de Canales!\nLos más pequeños de la familia recibirán una alimentación balanceada, además todo el servicio se brinda bajo las medidas de higiene adecuadas.\n\nPara inscribirte y solicitar información puedes acudir directamente de 12:30 a 15:00 horas.\n','https://difhuixquilucan.gob.mx/wp-content/uploads/2021/09/237082965_1717826128403740_1751477009658832094_n.jpeg','2021-10-14 18:06:29','2021-10-14 18:06:29'),(22,5,'Comedor Infantil “Santiago Yancuitlalpan”','Niños y niñas de la comunidad de Santiago Yancuitlalpan pueden acudir al Comedor Infantil, en donde recibirán una alimentación balanceada, además todo el servicio se brinda bajo las medidas de higiene adecuadas para proteger la salud de los pequeños y sus familias.\n\nPara inscribirte y solicitar información puedes acudir directamente de 12:30 a 15:00 horas.\n','https://difhuixquilucan.gob.mx/wp-content/uploads/2021/09/234837126_1712177008968652_976806287975867124_n.jpeg','2021-10-14 18:06:29','2021-10-14 18:06:29'),(23,5,'Comedor Infantil \"Magdalena Chichicaspa\"',' ¡Te esperamos en el Comedor Infantil de Magdalena!\nLos más pequeños de la familia recibirán una alimentación balanceada, además todo el servicio se brinda bajo las medidas de higiene adecuadas.\n\nPara inscribirte y solicitar información puedes acudir directamente de 12:30 a 15:00 horas.\n','https://difhuixquilucan.gob.mx/wp-content/uploads/2021/09/127146181_1529904497195905_5544038768896984165_n-1024x682.jpeg','2021-10-14 18:06:29','2021-10-14 18:06:29'),(24,5,'Comedor Comunitario “Santa Cruz”','En el DIF ya contamos con Comedor Comunitario en la comunidad de Santa Cruz Ayotuxco.\n\nConsulta los requisitos, fechas y horarios de inscripción.\n\n¡Te esperamos!\n','https://difhuixquilucan.gob.mx/wp-content/uploads/2021/09/149245526_1587223531464001_2227297808466912123_n.jpeg','2021-10-14 18:06:29','2021-10-14 18:06:29'),(25,6,'Escuelas de Natación','Contamos con tres Escuelas de Natación, en las que se imparten:\nNatación para adultos\nEnseñanza para niños\nAdolescentes\nMujeres embarazadas\nNado libre\n\nEscuela de Natación Constituyentes de 1917: Privada Luis Manuel Rojas s/n Constituyentes de 1917, a un costado de las canchas.\nTeléfono: 5919 5458 y 5919 5455\nHorario: lunes a viernes de 8:00 a 20:00 horas y Sábados de 8:00 a 16:00 horas.\n\nEscuela de Natación San Fernando:\nHorario: lunes a viernes de 8:00 a 20:00 horas y Sábados de 8:00 a 16:00 horas.\n\nEscuela de Natación El Plan:\nTeléfono: 8284 4807\nHorario: lunes a viernes de 8:00 a 20:00 horas y Sábados de 8:00 a 16:00 horas.\n','https://difhuixquilucan.gob.mx/wp-content/uploads/2020/08/Esc-natacion-5-1024x683.jpg','2021-10-14 18:06:29','2021-10-14 18:06:29'),(26,6,'Áreas de Juegos Infantiles','Nuestros niños y niñas cuentan con espacios seguros y adecuados para ellos en las comunidades de: El Hielo, La Retama, Canteras, Santa Cruz Ayotuxco, Montón Cuarteles, San José Huiloteapan, Llano Grande, El Laurel, Santiago Yancuitlalpan, San Fernando, El Mirador, Federal Burocrática y el DIF Central.','https://difhuixquilucan.gob.mx/wp-content/uploads/2020/04/1-1.jpg','2021-10-14 18:06:29','2021-10-14 18:06:29');
/*!40000 ALTER TABLE `servicio` ENABLE KEYS */;
UNLOCK TABLES;

--
-- Dumping events for database 'dif_huixquilucan'
--

--
-- Dumping routines for database 'dif_huixquilucan'
--
/*!40103 SET TIME_ZONE=@OLD_TIME_ZONE */;

/*!40101 SET SQL_MODE=@OLD_SQL_MODE */;
/*!40014 SET FOREIGN_KEY_CHECKS=@OLD_FOREIGN_KEY_CHECKS */;
/*!40014 SET UNIQUE_CHECKS=@OLD_UNIQUE_CHECKS */;
/*!40101 SET CHARACTER_SET_CLIENT=@OLD_CHARACTER_SET_CLIENT */;
/*!40101 SET CHARACTER_SET_RESULTS=@OLD_CHARACTER_SET_RESULTS */;
/*!40101 SET COLLATION_CONNECTION=@OLD_COLLATION_CONNECTION */;
/*!40111 SET SQL_NOTES=@OLD_SQL_NOTES */;

-- Dump completed on 2021-10-17 14:20:41
